contenido,visualizaciones,tiempo_de_visualizacion_(horas),suscriptores,tus_ingresos_estimados_(usd),impresiones,porcentaje_de_clics_de_las_impresiones_(%),fecha_publicacion,nombre_video
Total,1594,62.1296,-2,1.551,67608,1.06,20210826,🔗 LOGO TUTORIAL CorelDRAW ›BASIC‹ Tips & Tricks 💚 for Beginners & Experts
Total,1113,45.2646,0,1.095,30940,2.15,20220712,⭐ SOLO HAZ un PAR de TRAZOS para obtener MÚLTIPLES DISEÑOS ▶ TUTORIAL CorelDRAW
Total,383,18.098,0,1.065,12604,1.34,20220629,⚡ PRUEBA FLEXCLIP 2022  y CREA VIDEOS para YOUTUBE SIN SER EXPERTO ▶ Tutorial
Total,727,22.1841,-2,1.098,24040,1.58,20210216,🤜🏼💥 ZARA vs MANGO 💥🤛🏼 Enfrento & Comparo ⚔ estas 2 MARCAS ▶ DelcaVideography de DelcaVideography
Total,3008,271.1899,26,5.201,71801,2.63,20220524,🎇 5 TRUCOS para CREAR DISEÑOS PRO en CorelDRAW ▶ TUTORIAL
Total,18029,364.9207,90,17.467,123552,7.92,20210304,👉 Esto es lo que PUEDES HACER con Corel Draw ▶ DelcaVideography de DelcaVideography
Total,13062,589.1126,195,12.261,428666,1.16,20220118,🤯 APRENDE a DISEÑAR LOGOS con ESTA TÉCNICA SECRETA en CorelDRAW
Total,5227,548.0251,19,13.314,68965,2.55,20210223,✅ Respondo 👉🏼 las 10 PREGUNTAS MÁS FRECUENTES sobre Corel DRAW ▶ DelcaVideography de DelcaVideography
Total,2181,113.9934,13,4.175,35105,3.59,20211111,🧐 La TABLETA GRÁFICA más BARATA y VENDIDA ¿Merece la pena_ Review VEIKK S640
Total,4061,375.5217,35,6.896,74649,3.37,20220531,👉🏼 ASÍ puedes CREAR EFECTOS INCREÍBLES Y COMPLEJOS 😮 en CorelDRAW  ▶ TUTORIAL
Total,2047,173.0057,11,3.375,56356,2.45,20220419,🤯 CONSEJOS PRÁCTICOS para CREAR LOGOS en CorelDRAW ▶ TUTORIAL
Total,1322,55.4837,1,1.359,62872,0.87,20210902,CorelDRAW MAGIC ››Text EFFECT‹‹ 🌟 TIPS Tutorial ▶
Total,1880,166.404,8,3.277,47688,2.58,20220802,⭐ 5 HERRAMIENTAS INDISPENSABLES para DISEÑAR LOGOS en CorelDRAW ▶ TUTORIAL
Total,840,8.3036,2,0.095,23019,1.06,20210725,🐙 LOGOTIPO + ILUSTRACIÓN Speedrun SHORT en Corel DRAW
Total,796,36.2929,1,1.059,21638,1.52,20210629,⚡ CorelDRAW BEST Techniques for BEGINNERS & EXPERTS TUTORIAL YIN YANG TUTORIAL (2021) ☯
Total,2948,222.2494,26,5.151,90605,1.54,20211109,🧐 Te ENSEÑO estas TÉCNICAS de DIBUJO para DISEÑAR en CorelDRAW 🏠 ► TUTORIAL
Total,8981,505.0297,43,11.741,115306,4.74,20210426,👉🏼 Conoce las VENTAJAS 💚 & DESVENTAJAS 💔 de Corel Draw ▶ DelcaVideography de DelcaVideography
Total,5494,662.1729,34,9.03,104533,3.03,20210405,✅ APRENDE TODO para DIBUJAR en PERSPECTIVA 👉🏼 CorelDRAW 2021 ▶ DelcaVideography de DelcaVideography
Total,821,64.7724,1,1.309,28310,1.76,20220830,⚡ 3 CONSEJOS CLAVE para CREAR LOGOS en CorelDRAW ▶ TUTORIAL
Total,722,4.5453,3,0.0,21834,0.72,20211122,¿Puedes adivinar lo que es_ DelcaVideography #short
Total,6466,570.561,76,9.24,188364,1.69,20220125,🔥 Sigue esta ESTRATEGIA para CREAR tus LOGOS (Bien EXPLICADO⚡) en CorelDRAW
Total,951,41.2375,-2,1.761,31688,1.13,20220215,🔥 Cómo CREAR una INTRO para tu CANAL de YOUTUBE 💗 en un PAR de MINUTOS ▶ TUTORIAL
Total,10452,197.9181,62,11.406,81017,7.75,20210302,👉 Estas son las PRINCIPALES CARACTERÍSTICAS de Corel Draw ▶ DelcaVideography de DelcaVideography
Total,827,6.4061,4,0.089,17368,1.18,20220228,🏃🏼_♂️🚴🏼_♂️ Creación de DISEÑO CREATIVO de LOGOS _ DelcaVideography ▶ Short
Total,828,17.2807,-1,1.703,36289,1.1,20211002,😎 Este CONSEJO MEJORARÁ tu EXPERIENCIA con mis TUTORIALES
Total,2344,95.3512,5,2.184,33250,4.18,20210601,Cómo CONVERTIR CLIPS DE VIDEO a GIF ANIMADOS usando Vegas PRO
Total,812,57.3606,1,1.268,26126,1.74,20220823,⭐ Usa la HERRAMIENTA ORIGEN para OPTIMIZAR tu FLUJO de TRABAJO ▶ CorelDRAW
Total,711,6.5255,7,0.063,26138,1.21,20210726,🦊🏃_♀️ The Fox Design SHORT
Total,1003,22.3128,-4,0.745,33063,1.62,20210406,🌟 Conoce la Nueva COLABORACIÓN de TRABAJO REMOTO en CorelDRAW 2021 ▶ DelcaVideography de DelcaVideography
Total,1881,111.3451,13,2.608,64399,1.26,20220301,✔💪🏼 Sigue estas TÉCNICAS para CREAR LOGOS en CorelDRAW ▶ TUTORIAL
Total,918,4.2187,0,0.097,21048,1.91,20211215,👌🏼 Te DOY un TRUCO SECRETO 🤯 para HACER INTROS INCREÍBLES y en POCOS PASOS
Total,6368,323.9838,20,9.152,94680,3.82,20210316,🌟 CONOCE el Nuevo DIBUJO en PERSPECTIVA de CorelDRAW 2021 ▶ DelcaVideography de DelcaVideography
Total,961,36.8612,4,1.621,42811,0.9,20211005,👌🏼 EASY Design LOGO Process in CorelDRAW ▶ BEST Tips and Tricks 
Total,1759,81.2212,0,2.856,61056,1.25,20211008,🤔🧠 Procesos de DISEÑO INTELIGENTES en CorelDRAW 🖋 Tips & Tricks
Total,3178,295.8179,16,14.986,34516,1.28,20210615,🔥 APRENDE a EDITAR VIDEOS con Windows 10 😮 _TUTORIAL COMPLETO_ ▶ 
Total,3184,233.7504,6,4.434,100148,1.34,20220308,✔✨ Sigue estos PASOS para CREAR DISEÑOS IMPOSIBLES con CorelDRAW ▶ TUTORIAL
Total,929,3.1681,6,0.0,25619,1.45,20211201,Si lo QUIERES lo APRENDES 😉 ▶ Logo TUTORIALES en CorelDRAW
Total,2338,131.0947,11,2.991,77085,1.51,20220405,✨✔ APLICA TODAS las TÉCNICAS para CREAR LOGOS en CorelDRAW ▶ TUTORIAL
Total,2253,172.9071,5,3.272,51608,2.71,20210412,✅ Las 5 formas MÁS PRODUCTIVAS de EXPORTAR en CorelDRAW 2021 ⚙️ (TUTORIAL Bien Explicado 💚) de DelcaVideography
Total,41179,1429.967,285,54.042,206048,11.06,20210503,👉 Cómo poner la BARRA de HERRAMIENTAS 🛠 de Corel Draw ▶
Total,1814,80.1881,7,3.113,44140,1.97,20210803,💧 Las MEJORES Técnicas para RENDERIZAR en CorelDRAW ▶ LOGO TUTORIAL
Total,7064,249.3815,38,5.341,77788,4.85,20210429,👉 PASOS para INGRESAR a Corel Draw ▶ DelcaVideography de DelcaVideography
Total,1518,111.2804,-2,2.354,45699,2.19,20220517,✍🏼APRENDE a CREAR LOGOS SIMPLES 🔑 si haces ESTO ▶ TUTORIAL CorelDRAW
Total,466,14.0877,-1,0.642,19441,1.44,20220421,🎧🔊 Te MUESTRO CÓMO INSTALÉ las Espumas Acústicas en mi ESTUDIO ⚡
Total,1027,11.0127,4,0.029,33661,1.68,20220414,⚡ Contrucción de LOGOS PASO a PASO en CorelDRAW ▶ SHORTS
Total,864,8.4556,7,0.102,26379,1.3,20220312,🚴🏼_♂️🏃🏼_♂️ Proceso CONSTUCTIVO de LOGOS ✔ _ SHORTS ▶
Total,563,3.9054,0,0.153,10415,1.58,20210721,Reemplazo de COLOR FÁCIL - YOUTUBE SHORT ►
Total,2475,131.3804,19,4.996,87214,1.23,20211117,✅ USA estas TÉCNICAS de DIBUJO para DISEÑAR como PRO 😎 en CorelDRAW ► TUTORIAL
Total,4068,256.7454,42,5.862,105678,1.8,20211209,✔ Estos son los PASO a PASO para CONSTRUIR LOGOS en CorelDRAW
Total,17952,1332.1262,120,20.743,167172,6.29,20210419,✅ APRENDE a REEMPLAZAR el COLOR de IMÁGENES (Bien Explicado 💚 ) ▷ CorelDRAW 2021 👉🏼 DelcaVideography de DelcaVideography
Total,1083,64.6315,-2,1.997,23655,1.92,20210624,🔥  MUST SEE! CorelDRAW BEST Techniques for Beginners & Experts TUTORIAL (2021) ⚓  ►
Total,704,46.7093,2,2.049,17105,2.29,20220809,🔥 REVIEW XP-PEN Artist 16 (2nd Gen) + Test + PROMO | Tableta GRÁFICA para EMPEZAR ► DelcaVideography de DelcaVideography
Total,1190,49.6256,2,2.691,31401,1.51,20210715,🔥 CorelDRAW ESSENTIAL Techniques for Beginners & Experts ▶ LOGO TUTORIAL
Total,2027,109.5547,9,3.504,70801,1.35,20210909,📖 3D FLIP PAGE TEXT Effect _ CorelDRAW TUTORIAL
Total,25802,391.6244,779,28.803,113027,3.45,20210308,💚 Curso COREL DRAW en YOUTUBE 2022 (Entrenamiento Online) ▶ DelcaVideography de DelcaVideography
Total,1376,83.4713,12,2.771,61654,0.96,20211207,🎉🎈 TIPS ESENCIALES para CREAR tu PROPIA TARJETA de CUMPLEAÑOS en CorelDRAW
Total,3078,390.6325,35,7.989,57793,2.98,20210525,Cómo CREAR una TARJETA de NEGOCIOS VIRTUAL 💳 PASO a PASO ▶ Tutorial CorelDRAW (2021)
Total,1675,90.6025,11,2.262,42833,1.47,20210930,🧐 El Proceso de DISEÑO de LOGOS _DEFINITIVO_ en CorelDRAW ▶ PASO a PASO
Total,4511,238.5745,27,4.017,183306,0.88,20220224,✨✔ ARMONIZA tus DISEÑOS si usas estas TÉCNICAS para CREAR LOGOS en CorelDRAW
Total,868,29.4859,3,1.217,39782,0.88,20210914,🧩 EASY ▶ASSEMBLY◀ Techniques for Beginners & Experts ▷ CorelDRAW TUTORIAL 
Total,3843,207.2046,41,5.592,102517,1.78,20211125,🔴 Cómo DISEÑAR LOGOS en POCOS PASOS 🧐 con CorelDRAW ► TUTORIAL
Total,3381,203.4507,20,4.692,148209,0.93,20220210,✔✨Sigue estos MÉTODOS ESENCIALES para CREAR LOGOS en CorelDRAW ▶ TUTORIAL
Total,1810,78.4546,10,2.337,52854,1.46,20211130,😲 DOMINA la GEOMETRÍA para DISEÑAR LOGOS en CorelDRAW ► TUTORIAL
Total,3044,411.7951,23,7.158,60272,3.04,20220426,✨✔ APLICA estas TÉCNICAS AVANZADAS para CREAR LOGOS en CorelDRAW ▶ TUTORIAL
Total,1005,7.1678,10,0.045,21923,1.81,20220226,🏃🏼_♂️🚴🏼_♂️Construye ASÍ DISEÑO de LOGOS
Total,999,28.405,2,0.96,28913,1.68,20210415,🔴 Tutorial PERSPECTIVA de 3 puntos de fuga (vista de GUSANO 🐛) ▷ CorelDRAW 2021 de DelcaVideography
Total,1219,33.6398,0,1.332,42576,1.17,20210831,💡 CorelDRAW KEY 🔑 TIPS for Pro & Beginners _ Lightbulb ICON ▶
Total,3039,172.5609,9,4.45,100814,1.17,20220315,🔥 USA LETRAS para CREAR LOGOS si SIGUES estos PASOS ▶ TUTORIAL
Total,2163,180.0385,15,2.993,48467,2.99,20220705,⭐ APRENDE a DIBUJAR así ✍🏼SÓLO SI HACES ESTO ▶ TUTORIAL CorelDRAW
Total,1157,34.113,2,0.832,31294,1.96,20210802,🌟 CorelDRAW FAST Techniques for Beginners ▶ 3 MIN⏰ TUTORIAL OLYMPIC GAMES Logo
Total,3297,151.6939,12,4.325,50523,3.66,20210427,⚡ La MEJOR FORMA de ORGANIZAR tus PÁGINAS 🔥 en CorelDRAW 👉🏼 Tutorial (2021) 😮 de DelcaVideography
Total,1589,120.7222,12,2.291,31753,3.28,20220621,⚡ SIMPLIFICA ASÍ tus DISEÑOS 🤔 ▶ TUTORIAL CorelDRAW
Total,1503,19.6828,1,1.422,38308,1.93,20210513,👉 Cuánto ESPACIO OCUPA Corel DRAW ▶
Total,1230,72.6054,-2,3.131,35883,1.62,20210610,👉🏼 7 Programas GRATUITOS para EDITAR VÍDEOS 💥 que DEDEBS CONOCER🔥
Total,1645,83.985,3,2.001,48122,1.26,20210824,📌 Learn the CorelDRAW BEST Techniques for LOGO Design
Total,986,7.2706,15,0.0,25137,1.6,20210804,🤯 Técnicas para DISEÑAR LOGOS increíbles en CorelDRAW
Total,2251,177.1279,9,4.751,80506,1.32,20211014,🎇 COMBINA estas TÉCNICAS para _CREAR LOGOS INCREÍBLES_ en CorelDRAW
Total,625,6.3257,5,0.11,12846,1.67,20210722,CÓMO VECTORIZAR PAISAJES_ Tutorial práctico
Total,1392,59.9538,6,2.275,71375,0.82,20211028,🐱_👤Con estos MÉTODOS PRÁCTICOS 🧐 puedes DISEÑAR LOGOS Fácilmente en CorelDRAW
Total,1032,88.8506,2,1.771,27305,2.3,20220726,⭐ 7 HERRAMIENTAS que DEBES CONOCER para DISEÑAR en CorelDRAW TUTORIAL DelcaVideography de DelcaVideography
Total,2390,170.4774,20,4.293,79546,1.53,20211102,🎱🥌 La MEJOR FORMA de APLICAR TEXTURAS 3D ⚙ a LOGOS en CorelDRAW
Total,4825,186.7283,17,4.211,62417,4.09,20210325,🌟 DESCUBRE cómo REEMPLAZAR COLORES de IMÁGENES (FÁCIL) en CorelDRAW 2021 ▶ DelcaVideography de DelcaVideography
Total,1167,52.0842,3,1.429,40210,1.2,20210817,🔥 CorelDRAW Tips & Tricks for Beginners & Experts ▶ LOGO TUTORIAL
Total,1161,57.3995,4,1.733,26577,1.72,20210721,💚 CorelDRAW EASIEST Techniques for Beginners & Experts (💗+🎀) ▶ LOGO Tutorial
Total,476,4.5199,1,0.51,17069,1.07,20210922,😃 Te ENSEÑO cómo es el PROCESO de DISEÑO
Total,1606,82.2658,6,2.133,57604,1.23,20210810,🔥 CorelDRAW ADVANCE Techniques for Beginners & Experts _ LOGO TUTORIAL ▶
Total,3571,240.4057,32,4.02,111927,1.45,20220120,🧐 PRESTA mucha ATENCIÓN a estos DETALLES para DISEÑAR LOGOS en CorelDRAW 😱
Total,292,2.0601,0,0.053,16149,0.44,20210730,🤯 Nueva SERIE en DelcaVideography ▶ LOGOS EXPRESS ›› Parte 1 ‹‹ SHORTS
Total,1620,49.9267,5,1.406,41011,2.09,20210318,🌟 DESCUBRE el Nuevo MULTIPÁGINA de CorelDRAW 2021 ▶ DelcaVideography de DelcaVideography
Total,9866,271.8139,34,11.453,67056,5.55,20210510,👉 Estos son los REQUISITOS para INSTALAR Corel DRAW ▶
Total,5283,225.6908,15,5.929,65191,4.37,20220427,Estas son las ÚLTIMAS NOVEDADES de COREL DRAW 2022
Total,2425,252.7519,8,4.534,77884,1.53,20210907,⚡ CorelDRAW ›NEW YORK CITY‹ 🗽 Retro NEON Design TUTORIAL
Total,1113,41.1099,7,1.594,29609,2.02,20210425,🔴 Cómo funciona la PERSPECTIVA de 1 punto de fuga ▷ Tutorial CorelDRAW 2021 de DelcaVideography
Total,23887,1537.5073,172,34.79,329305,3.87,20210315,🌟 Lo NUEVO de CorelDRAW 2021 ▶ DelcaVideography de DelcaVideography
Total,2100,59.9312,9,5.05,26470,3.66,20220222,😎 Así FUNCIONAN los PAQUETES de EFECTOS de MOVAVI ▶
Total,1511,78.0586,4,2.502,35548,1.82,20210713,🔥 CorelDRAW BASIC Techniques for Beginners & Experts ▶ 3D LOGO TUTORIAL
Total,1525,60.954,5,1.668,34378,2.05,20210727,🔥 LOGO TUTORIAL ▶ CorelDRAW MUST KNOWN Techniques for Beginners & Experts
Total,4248,391.6548,47,8.902,91698,2.45,20211012,💪🏼 DOMINA esta TÉCNICA para diseñar LOGOS como este en CorelDRAW 🍺
Total,13756,424.2588,317,13.161,581541,0.87,20211202,✔✨ Aprende LA TÉCNICA CREATIVA para CREAR LOGOS GRATIS en CorelDRAW ▶ TUTORIAL
Total,1377,47.2637,6,2.16,40883,1.55,20220208,⚡ Cómo CREAR 7 EFECTOS GLITCH PRO con MOVAVI Video Editor Plus 2022 ▶ TUTORIAL
Total,1824,10.7921,8,0.119,42068,1.73,20220325,🤔 USA esta forma para CREAR DISEÑOS
Total,637,6.0713,1,0.026,13006,1.18,20210724,💚🏃_♀️ CorelDRAW ▶ SPEEDRUN MONSTER Short
Total,1320,126.9103,6,1.753,25757,2.86,20220628,⚡ El TUTORIAL que te CONVERTIRÁ en PRO  ▶ Debes VERLO 👉🏼 CorelDRAW
Total,5159,248.5148,31,5.135,262636,0.76,20220127,✔✨ Sigue el PROCESO PASO a PASO y APRENDE A CREAR LOGOS en CorelDRAW ► TUTORIAL
Total,1760,116.1147,4,2.329,57665,2.04,20220504,✨✔ Te ENSEÑO estas TÉCNICAS para que DISEÑES como un PRO ▶ TUTORIAL CorelDRAW
Total,1435,98.2487,4,1.927,35785,2.4,20220607,🛠 Con estas 7 TÉCNICAS vas a DISEÑAR como un PROFESIONAL 😎 en CorelDRAW TUTORIAL DelcaVideography de DelcaVideography
Total,1314,85.342,5,1.874,49190,1.14,20211216,🤘🏼 Así PODRÁS crear INTROS ANIMADAS para tu TRABAJO y REDES SOCIALES en MINUTOS
Total,151522,5615.8654,2090,120.952,7914266,0.71,20211123,✔✨ Sigue estos MÉTODOS para DISEÑAR tus LOGOS en CorelDRAW ► TUTORIAL
Total,1962,23.559,24,2.777,26199,1.69,20210518,💙 Curso VEGAS PRO en YOUTUBE 2021 (Entrenamiento Online) ▶
Total,1380,11.3996,7,0.071,28070,1.55,20210921,😜 Te enseño el BORRADOR de un archivo de CorelDRAW
Total,428,8.2558,-2,0.462,15695,1.61,20220512,😎 ¡AL FIN! ▶ UNBOXING PLACA de 100K 💪🏼 de YouTube 💖 DelcaVideography de DelcaVideography
Total,1750,153.9714,13,3.521,41264,2.68,20220719,⭐ 7 TÉCNICAS y CONSEJOS para DISEÑAR en CorelDRAW ▶ TUTORIAL
Total,2188,159.1404,5,2.787,88772,0.95,20220303,🧐 Sigue ESTE ORDEN en tus PROYECTOS ⭐ para CREAR LOGOS ASÍ en CorelDRAW
Total,2183,206.4005,14,5.572,53465,2.18,20210923,🌟 AMAZING PERSPECTIVE Tips ▶ CREATE 3D TEXT in CorelDRAW
Total,2458,160.598,13,3.782,89996,1.2,20220331,✨✔ DISEÑA como un PROFESIONAL si SIGUES estos PASOS en CorelDRAW
Total,2821,160.71,8,5.781,118468,1.08,20211104,🧐 DOMINA las MEJORES TÉCNICAS para CREAR LOGOS en CorelDRAW ▶ TUTORIAL
Total,637,2.7719,3,0.0,13382,1.06,20210729,Wow! De un simple círculo a ESTO!!! LOGO TUTOTIAL
Total,4034,357.6949,34,6.862,81427,2.32,20211214,🤫 Pon en PRÁCTICA el SECRETO para DISEÑAR este LOGO en CorelDRAW ▶▶ TUTORIAL
Total,3011,59.3655,6,2.784,43459,4.14,20210506,👉 Cuánto CUESTA 💲 CorelDRAW ▶ 
Total,3034,200.6775,15,5.123,82848,1.88,20211019,Si USAS esta TÉCNICA 🧐 puedes CREAR muchos LOGOS ▶ CorelDRAW
Total,4130,523.1473,50,7.566,86732,2.47,20210928,🤜🏼 La MASTERCLASS que BUSCABAS 👉🏼  Técnicas AVANZADAS para DISEÑADORES CorelDRAW
Total,11619,740.5416,180,14.555,443002,1.09,20220203,✔✨ DESCUBRE estas TÉCNICAS para CREAR DISEÑOS orgánicos en ▶ TUTORIAL
Total,1867,84.2964,5,2.324,70943,1.11,20210805,🔴 CorelDRAW MUST KNOWN Techniques for Beginners & Experts ▶ 3D LOGO TUTORIAL
Total,1811,142.3578,5,3.227,65215,1.38,20210916,✒️APRENDE a ILUSTRAR ASÍ en CorelDRAW ✍️ TRUCOS & CONSEJOS CLAVE
Total,1018,35.7847,2,0.958,40070,1.09,20210819,Tips BÁSICOS para CREAR LOGOS EFICIENTES ▶ TUTORIAL CorelDRAW
Total,951,21.9096,0,1.22,18601,2.55,20210418,TIMELAPSE LOGO DESIGN TUTORIAL DelcaVideography de DelcaVideography
Total,1282,113.4128,6,2.329,29293,2.63,20220614,✍🏼 Si APRENDES esta TÉCNICA puedes CREAR LOGOS como un PRO ▶ TUTORIAL CorelDRAW
Total,962,44.1079,7,1.127,34768,1.23,20210921,🖱 EFECTO de PROYECCIÓN BÁSICA ▶ Tips para DISEÑAR en CorelDRAW
Total,5936,243.6388,28,5.957,67760,5.51,20210520,👉 Estas son las PRINCIPALES HERRAMIENTAS 🛠 de Corel Draw ▶
Total,939,47.1552,2,1.822,27401,1.5,20210701,🔥 CorelDRAW BEST Techniques for BEGINNERS & EXPERTS Tutorial ▶ SnowFlake ❄ (2021) 👉🏼
Total,476,2.4621,2,0.0,13330,1.08,20210810,Quieres saber CÓMO se HACE este logo
Total,1187,12.2984,0,0.313,24443,1.51,20210819,Speedrun LOGO MAKER Tutorial (1min)
Total,1697,80.1163,6,1.955,52381,1.46,20210722,🔥 CorelDRAW GREAT Techniques for Beginners & Experts ▶ LOGO TUTORIAL (🌸+♻)
Total,1486,66.1176,4,1.738,58868,1.24,20210812,🔥 CorelDRAW KEY Techniques for Beginners & Experts ▶ LOGO TUTORIAL
Total,1759,101.0199,0,2.897,58749,1.23,20211026,🐝 ESTA es la FORMA INTELIGENTE 😱 de usar la GEOMETRÍA para DISEÑAR ▶ CorelDRAW
Total,996,63.5885,2,1.472,28209,1.63,20210413,🔴 Tutorial PERSPECTIVA de 3 puntos de fuga (vista de AVE 🕊) ▷ CorelDRAW 2021 de DelcaVideography
Total,4460,124.9825,9,6.181,48363,3.22,20210323,🌟 Ahora puedes EXPORTAR VARIAS IMÁGENES en un PASO con CorelDRAW 2021 ▶ DelcaVideography de DelcaVideography
Total,584,5.8118,-1,0.557,21644,1.12,20210924,😊  Te ENSEÑO archivo de Trabajo en CorelDRAW
Total,1609,70.5007,1,2.009,27635,2.91,20210706,🔥 CorelDRAW Best Geometry Tricks Logo TUTORIAL ▶▶ MICROSOFT EDGE 👉🏼
Total,3674,234.8777,35,4.888,144857,1.1,20220217,😎 DOMINA estas TÉCNICAS de DISEÑO para CREAR LOGOS en CorelDRAW ▶ TUTORIAL
Total,1591,138.6238,3,3.173,40117,2.41,20220510,⚡ DISEÑA el LOGO GRATIS para TU NEGOCIO en CorelDRAW  ▶ TUTORIAL
Total,2699,242.7542,18,5.003,80750,1.6,20220322,✨✔ CONOCE el PASO a PASO para CREAR este LOGO en CorelDRAW ▶ TUTORIAL
Total,1328,131.4338,3,2.196,30348,2.62,20220816,⭐ 7 TIPS INDISPENSABLES para DISEÑAR en CorelDRAW ▶ TUTORIAL
Total,1575,13.1204,13,0.097,27195,1.77,20220225,🏃🏼_♂️🚴🏼_♂️Así CREAS LOGOS en CorelDRAW como un PRO
Total,891,34.521,4,1.298,26931,1.43,20210708,🔥 CorelDRAW BEST Techniques for Beginner & Experts TUTORIAL ▶ S Loop (2021) 👉🏼
Total,1796,89.6495,4,3.343,71595,1.0,20211021,✒️ + 🐧Aprende a COMBINAR CONCEPTOS 😏 para DISEÑAR en CorelDRAW
Total,1430,78.4329,5,2.768,27224,1.9,20210729,🔥 CorelDRAW AMAZING Techniques for Beginners & Experts ▶ LOGO TUTORIAL
Total,1286,36.6153,-1,1.281,30791,2.17,20210420,🔴 Cómo funciona la PERSPECTIVA de 2 PUNTOS de FUGA  ▷ Tutorial  CorelDRAW 2021 de DelcaVideography
